{
  "Version": 1,
  "ManifestType": "Publish",
  "Endpoints": [
    {
      "Route": "PortfolioBlazor.llrumwz4vp.styles.css",
      "AssetFile": "PortfolioBlazor.styles.css",
      "Selectors": [],
      "ResponseHeaders": [
        {
          "Name": "Accept-Ranges",
          "Value": "bytes"
        },
        {
          "Name": "Cache-Control",
          "Value": "max-age=31536000, immutable"
        },
        {
          "Name": "Content-Length",
          "Value": "5913"
        },
        {
          "Name": "Content-Type",
          "Value": "text/css"
        },
        {
          "Name": "ETag",
          "Value": "\"OW1JBKUI8o94DQtabuYoomsqBF0nsmN23feu8DTarqI=\""
        },
        {
          "Name": "Last-Modified",
          "Value": "Mon, 09 Jun 2025 23:24:54 GMT"
        }
      ],
      "EndpointProperties": [
        {
          "Name": "fingerprint",
          "Value": "llrumwz4vp"
        },
        {
          "Name": "integrity",
          "Value": "sha256-OW1JBKUI8o94DQtabuYoomsqBF0nsmN23feu8DTarqI="
        },
        {
          "Name": "label",
          "Value": "PortfolioBlazor.styles.css"
        }
      ]
    },
    {
      "Route": "PortfolioBlazor.styles.css",
      "AssetFile": "PortfolioBlazor.styles.css",
      "Selectors": [],
      "ResponseHeaders": [
        {
          "Name": "Accept-Ranges",
          "Value": "bytes"
        },
        {
          "Name": "Cache-Control",
          "Value": "no-cache"
        },
        {
          "Name": "Content-Length",
          "Value": "5913"
        },
        {
          "Name": "Content-Type",
          "Value": "text/css"
        },
        {
          "Name": "ETag",
          "Value": "\"OW1JBKUI8o94DQtabuYoomsqBF0nsmN23feu8DTarqI=\""
        },
        {
          "Name": "Last-Modified",
          "Value": "Mon, 09 Jun 2025 23:24:54 GMT"
        }
      ],
      "EndpointProperties": [
        {
          "Name": "integrity",
          "Value": "sha256-OW1JBKUI8o94DQtabuYoomsqBF0nsmN23feu8DTarqI="
        }
      ]
    },
    {
      "Route": "app.css",
      "AssetFile": "app.css",
      "Selectors": [],
      "ResponseHeaders": [
        {
          "Name": "Accept-Ranges",
          "Value": "bytes"
        },
        {
          "Name": "Cache-Control",
          "Value": "no-cache"
        },
        {
          "Name": "Content-Length",
          "Value": "2540"
        },
        {
          "Name": "Content-Type",
          "Value": "text/css"
        },
        {
          "Name": "ETag",
          "Value": "\"Q8siP9SiZV8GNOzlkHETapY6R/XrhQbE90aAnlHmHFo=\""
        },
        {
          "Name": "Last-Modified",
          "Value": "Mon, 09 Jun 2025 21:00:43 GMT"
        }
      ],
      "EndpointProperties": [
        {
          "Name": "integrity",
          "Value": "sha256-Q8siP9SiZV8GNOzlkHETapY6R/XrhQbE90aAnlHmHFo="
        }
      ]
    },
    {
      "Route": "app.v5b7vqvy3h.css",
      "AssetFile": "app.css",
      "Selectors": [],
      "ResponseHeaders": [
        {
          "Name": "Accept-Ranges",
          "Value": "bytes"
        },
        {
          "Name": "Cache-Control",
          "Value": "max-age=31536000, immutable"
        },
        {
          "Name": "Content-Length",
          "Value": "2540"
        },
        {
          "Name": "Content-Type",
          "Value": "text/css"
        },
        {
          "Name": "ETag",
          "Value": "\"Q8siP9SiZV8GNOzlkHETapY6R/XrhQbE90aAnlHmHFo=\""
        },
        {
          "Name": "Last-Modified",
          "Value": "Mon, 09 Jun 2025 21:00:43 GMT"
        }
      ],
      "EndpointProperties": [
        {
          "Name": "fingerprint",
          "Value": "v5b7vqvy3h"
        },
        {
          "Name": "integrity",
          "Value": "sha256-Q8siP9SiZV8GNOzlkHETapY6R/XrhQbE90aAnlHmHFo="
        },
        {
          "Name": "label",
          "Value": "app.css"
        }
      ]
    },
    {
      "Route": "bootstrap/bootstrap.min.bpk8xqwxhs.css",
      "AssetFile": "bootstrap/bootstrap.min.css",
      "Selectors": [],
      "ResponseHeaders": [
        {
          "Name": "Accept-Ranges",
          "Value": "bytes"
        },
        {
          "Name": "Cache-Control",
          "Value": "max-age=31536000, immutable"
        },
        {
          "Name": "Content-Length",
          "Value": "162720"
        },
        {
          "Name": "Content-Type",
          "Value": "text/css"
        },
        {
          "Name": "ETag",
          "Value": "\"z8OR40MowJ8GgK6P89Y+hiJK5+cclzFHzLhFQLL92bg=\""
        },
        {
          "Name": "Last-Modified",
          "Value": "Mon, 09 Jun 2025 21:00:43 GMT"
        }
      ],
      "EndpointProperties": [
        {
          "Name": "fingerprint",
          "Value": "bpk8xqwxhs"
        },
        {
          "Name": "integrity",
          "Value": "sha256-z8OR40MowJ8GgK6P89Y+hiJK5+cclzFHzLhFQLL92bg="
        },
        {
          "Name": "label",
          "Value": "bootstrap/bootstrap.min.css"
        }
      ]
    },
    {
      "Route": "bootstrap/bootstrap.min.css",
      "AssetFile": "bootstrap/bootstrap.min.css",
      "Selectors": [],
      "ResponseHeaders": [
        {
          "Name": "Accept-Ranges",
          "Value": "bytes"
        },
        {
          "Name": "Cache-Control",
          "Value": "no-cache"
        },
        {
          "Name": "Content-Length",
          "Value": "162720"
        },
        {
          "Name": "Content-Type",
          "Value": "text/css"
        },
        {
          "Name": "ETag",
          "Value": "\"z8OR40MowJ8GgK6P89Y+hiJK5+cclzFHzLhFQLL92bg=\""
        },
        {
          "Name": "Last-Modified",
          "Value": "Mon, 09 Jun 2025 21:00:43 GMT"
        }
      ],
      "EndpointProperties": [
        {
          "Name": "integrity",
          "Value": "sha256-z8OR40MowJ8GgK6P89Y+hiJK5+cclzFHzLhFQLL92bg="
        }
      ]
    },
    {
      "Route": "bootstrap/bootstrap.min.css.8inm30yfxf.map",
      "AssetFile": "bootstrap/bootstrap.min.css.map",
      "Selectors": [],
      "ResponseHeaders": [
        {
          "Name": "Accept-Ranges",
          "Value": "bytes"
        },
        {
          "Name": "Cache-Control",
          "Value": "max-age=31536000, immutable"
        },
        {
          "Name": "Content-Length",
          "Value": "449111"
        },
        {
          "Name": "Content-Type",
          "Value": "text/plain"
        },
        {
          "Name": "ETag",
          "Value": "\"gBwg2tmA0Ci2u54gMF1jNCVku6vznarkLS6D76htNNQ=\""
        },
        {
          "Name": "Last-Modified",
          "Value": "Mon, 09 Jun 2025 21:00:43 GMT"
        }
      ],
      "EndpointProperties": [
        {
          "Name": "fingerprint",
          "Value": "8inm30yfxf"
        },
        {
          "Name": "integrity",
          "Value": "sha256-gBwg2tmA0Ci2u54gMF1jNCVku6vznarkLS6D76htNNQ="
        },
        {
          "Name": "label",
          "Value": "bootstrap/bootstrap.min.css.map"
        }
      ]
    },
    {
      "Route": "bootstrap/bootstrap.min.css.map",
      "AssetFile": "bootstrap/bootstrap.min.css.map",
      "Selectors": [],
      "ResponseHeaders": [
        {
          "Name": "Accept-Ranges",
          "Value": "bytes"
        },
        {
          "Name": "Cache-Control",
          "Value": "no-cache"
        },
        {
          "Name": "Content-Length",
          "Value": "449111"
        },
        {
          "Name": "Content-Type",
          "Value": "text/plain"
        },
        {
          "Name": "ETag",
          "Value": "\"gBwg2tmA0Ci2u54gMF1jNCVku6vznarkLS6D76htNNQ=\""
        },
        {
          "Name": "Last-Modified",
          "Value": "Mon, 09 Jun 2025 21:00:43 GMT"
        }
      ],
      "EndpointProperties": [
        {
          "Name": "integrity",
          "Value": "sha256-gBwg2tmA0Ci2u54gMF1jNCVku6vznarkLS6D76htNNQ="
        }
      ]
    },
    {
      "Route": "css/portfolio.css",
      "AssetFile": "css/portfolio.css",
      "Selectors": [],
      "ResponseHeaders": [
        {
          "Name": "Accept-Ranges",
          "Value": "bytes"
        },
        {
          "Name": "Cache-Control",
          "Value": "no-cache"
        },
        {
          "Name": "Content-Length",
          "Value": "13349"
        },
        {
          "Name": "Content-Type",
          "Value": "text/css"
        },
        {
          "Name": "ETag",
          "Value": "\"+9PBtEeEZoTWO2h1T31FU4/yUcv408gzRCGmgiP/6y4=\""
        },
        {
          "Name": "Last-Modified",
          "Value": "Mon, 09 Jun 2025 22:57:14 GMT"
        }
      ],
      "EndpointProperties": [
        {
          "Name": "integrity",
          "Value": "sha256-+9PBtEeEZoTWO2h1T31FU4/yUcv408gzRCGmgiP/6y4="
        }
      ]
    },
    {
      "Route": "css/portfolio.x53c9ur01y.css",
      "AssetFile": "css/portfolio.css",
      "Selectors": [],
      "ResponseHeaders": [
        {
          "Name": "Accept-Ranges",
          "Value": "bytes"
        },
        {
          "Name": "Cache-Control",
          "Value": "max-age=31536000, immutable"
        },
        {
          "Name": "Content-Length",
          "Value": "13349"
        },
        {
          "Name": "Content-Type",
          "Value": "text/css"
        },
        {
          "Name": "ETag",
          "Value": "\"+9PBtEeEZoTWO2h1T31FU4/yUcv408gzRCGmgiP/6y4=\""
        },
        {
          "Name": "Last-Modified",
          "Value": "Mon, 09 Jun 2025 22:57:14 GMT"
        }
      ],
      "EndpointProperties": [
        {
          "Name": "fingerprint",
          "Value": "x53c9ur01y"
        },
        {
          "Name": "integrity",
          "Value": "sha256-+9PBtEeEZoTWO2h1T31FU4/yUcv408gzRCGmgiP/6y4="
        },
        {
          "Name": "label",
          "Value": "css/portfolio.css"
        }
      ]
    },
    {
      "Route": "favicon.ifv42okdf2.png",
      "AssetFile": "favicon.png",
      "Selectors": [],
      "ResponseHeaders": [
        {
          "Name": "Accept-Ranges",
          "Value": "bytes"
        },
        {
          "Name": "Cache-Control",
          "Value": "max-age=31536000, immutable"
        },
        {
          "Name": "Content-Length",
          "Value": "1148"
        },
        {
          "Name": "Content-Type",
          "Value": "image/png"
        },
        {
          "Name": "ETag",
          "Value": "\"4mWsDy3aHl36ZbGt8zByK7Pvd4kRUoNgTYzRnwmPHwg=\""
        },
        {
          "Name": "Last-Modified",
          "Value": "Mon, 09 Jun 2025 21:00:43 GMT"
        }
      ],
      "EndpointProperties": [
        {
          "Name": "fingerprint",
          "Value": "ifv42okdf2"
        },
        {
          "Name": "integrity",
          "Value": "sha256-4mWsDy3aHl36ZbGt8zByK7Pvd4kRUoNgTYzRnwmPHwg="
        },
        {
          "Name": "label",
          "Value": "favicon.png"
        }
      ]
    },
    {
      "Route": "favicon.png",
      "AssetFile": "favicon.png",
      "Selectors": [],
      "ResponseHeaders": [
        {
          "Name": "Accept-Ranges",
          "Value": "bytes"
        },
        {
          "Name": "Cache-Control",
          "Value": "max-age=3600, must-revalidate"
        },
        {
          "Name": "Content-Length",
          "Value": "1148"
        },
        {
          "Name": "Content-Type",
          "Value": "image/png"
        },
        {
          "Name": "ETag",
          "Value": "\"4mWsDy3aHl36ZbGt8zByK7Pvd4kRUoNgTYzRnwmPHwg=\""
        },
        {
          "Name": "Last-Modified",
          "Value": "Mon, 09 Jun 2025 21:00:43 GMT"
        }
      ],
      "EndpointProperties": [
        {
          "Name": "integrity",
          "Value": "sha256-4mWsDy3aHl36ZbGt8zByK7Pvd4kRUoNgTYzRnwmPHwg="
        }
      ]
    },
    {
      "Route": "js/portfolio.0169wm6if7.js",
      "AssetFile": "js/portfolio.js",
      "Selectors": [],
      "ResponseHeaders": [
        {
          "Name": "Accept-Ranges",
          "Value": "bytes"
        },
        {
          "Name": "Cache-Control",
          "Value": "max-age=31536000, immutable"
        },
        {
          "Name": "Content-Length",
          "Value": "10958"
        },
        {
          "Name": "Content-Type",
          "Value": "text/javascript"
        },
        {
          "Name": "ETag",
          "Value": "\"xJ7aRns0ltA04A/y2oTLJ27Ywd29WWev0U/Sxx4b1HQ=\""
        },
        {
          "Name": "Last-Modified",
          "Value": "Mon, 09 Jun 2025 21:06:52 GMT"
        }
      ],
      "EndpointProperties": [
        {
          "Name": "fingerprint",
          "Value": "0169wm6if7"
        },
        {
          "Name": "integrity",
          "Value": "sha256-xJ7aRns0ltA04A/y2oTLJ27Ywd29WWev0U/Sxx4b1HQ="
        },
        {
          "Name": "label",
          "Value": "js/portfolio.js"
        }
      ]
    },
    {
      "Route": "js/portfolio.js",
      "AssetFile": "js/portfolio.js",
      "Selectors": [],
      "ResponseHeaders": [
        {
          "Name": "Accept-Ranges",
          "Value": "bytes"
        },
        {
          "Name": "Cache-Control",
          "Value": "no-cache"
        },
        {
          "Name": "Content-Length",
          "Value": "10958"
        },
        {
          "Name": "Content-Type",
          "Value": "text/javascript"
        },
        {
          "Name": "ETag",
          "Value": "\"xJ7aRns0ltA04A/y2oTLJ27Ywd29WWev0U/Sxx4b1HQ=\""
        },
        {
          "Name": "Last-Modified",
          "Value": "Mon, 09 Jun 2025 21:06:52 GMT"
        }
      ],
      "EndpointProperties": [
        {
          "Name": "integrity",
          "Value": "sha256-xJ7aRns0ltA04A/y2oTLJ27Ywd29WWev0U/Sxx4b1HQ="
        }
      ]
    }
  ]
}